"","x"
"1","X._guncontrol"
"2","X._nra"
"3","X._2a"
"4","X._parkland"
"5","X._gunsense"
"6","X._florida"
"7","X._usa"
"8","X._daca"
"9","X._spreaker"
"10","X._demoniacresistance"
"11","X._jeffsessions"
"12","X._marijuanalaws"
"13","X._sheriffscottisrael"
"14","X._prolife"
"15","X._1a"
"16","X._buildthewall"
"17","X._trump"
"18","X._maga"
"19","X._protectourkids"
"20","X._nypd"
"21","X._tcot"
"22","X._parklandshooting"
"23","X._merica"
"24","X._browardcountysheriff"
"25","X._neveragain"
"26","X._marchforourlives"
"27","X._gop"
"28","X._gun"
"29","X._rifle"
"30","X._justice"
"31","X._msnbc"
"32","X._foxnews"
"33","X._dems"
"34","X._resistance"
"35","X._obamagate"
"36","X._wethepeople"
"37","X._greatawakening"
"38","X._qanon"
"39","X._banassaultrifles"
"40","X._defendthesecond"
"41","X._delta"
"42","X._amazon"
"43","X._reagan"
"44","X._americafirst"
"45","X._2ndamendment"
"46","X._trump2020"
"47","X._constitution"
"48","X._liberty"
"49","X._waynelapierre"
"50","X._cnnisfakenews"
"51","X._resist"
"52","X._left"
"53","X._sheriffisrael"
"54","X._sheriffisraelresign"
"55","X._guncontrolnow"
"56","X._nwo"
"57","X._corruption"
"58","X._racism"
"59","X._russia"
"60","X._politics"
"61","X._boycottnra"
"62","X._uspolitics"
"63","X._tuesdaythoughts"
"64","X._tyranny"
"65","X._fail"
"66","X._nraboycott"
"67","X._nrabloodmoney"
"68","X._ar15"
"69","X._thestormisuponus"
"70","X._usaf"
"71","X._thestormishere"
"72","X._browardcowards"
"73","X._resignsheriffisrael"
"74","X._q"
"75","X._mentalhealth"
"76","X._scotus"
"77","X._gunreform"
"78","X._guncontolnow"
"79","X._fakenews"
"80","X._presidenttrump"
"81","X._gunrights"
"82","X._teaparty"
"83","X._pjnet"
"84","X._potus"
"85","X._nratv"
"86","X._2ashallnotbeinfringed"
"87","X._2adefenders"
"88","X._boycottfedex"
"89","X._fedexbloodmoney"
"90","X._guncontrolnever"
"91","X._msm"
"92","X._evil"
"93","X._leftists"
"94","X._schoolshootings"
"95","X._gunviolence"
"96","X._israel"
"97","X._esg"
"98","X._boycotnra"
"99","X._supportthenra"
"100","X._lol"
"101","X._nralifemember"
"102","X._2ndamendmentrights"
"103","X._expectus"
"104","X._standwithnra"
"105","X._liberallogic"
"106","X._parklandschoolshooting"
"107","X._lastword"
"108","X._morningjoe"
"109","X._cops"
"110","X._schoolshooting"
"111","X._supportnra"
"112","X._hypocrisy"
"113","X._molonlabe"
"114","X._liberalismisamentaldisorder"
"115","X._americans"
"116","X._impeach"
"117","X._boycott"
"118","X._gunlobby"
"119","X._humanity"
"120","X._podcast"
"121","X._dnc"
"122","X._republicans"
"123","X._nrabloodonyourhands"
"124","X._alexjones"
"125","X._trumptrain"
"126","X._news"
"127","X._armmewith"
"128","X._shootings"
"129","X._parenting"
"130","X._democrat"
"131","X._neveragainmsd"
"132","X._danaloesch"
"133","X._parklandstrong"
"134","X._falseflag"
"135","X._parklandstudents"
"136","X._cnntownhall"
"137","X._pos"
"138","X._fuckthenra"
"139","X._tv"
"140","X._nraisaterroristorganization"
"141","X._gunfreezoneskill"
"142","X._nrastrong"
"143","X._lastweektonight"
"144","X._ar15s"
"145","X._nomore"
"146","X._fisagate"
"147","X._thread"
"148","X._metoo"
"149","X._massshootings"
"150","X._assaultweapons"
"151","X._boycottdelta"
"152","X._sandyhook"
"153","X._caseycagle"
"154","X._nazi"
"155","X._killthenra"
"156","X._veterans"
"157","X._boycottamazon"
"158","X._texas"
"159","X._unarmed"
"160","X._school"
"161","X._siege"
"162","X._gunman"
"163","X._2amendment"
"164","X._lawandlegislation"
"165","X._freedom"
"166","X._makeamericagreatagain"
"167","X._iamthenra"
"168","X._periscope"
"169","X._pph"
"170","X._bnc"
"171","X._jgf"
"172","X._cbts"
"173","X._closernation"
"174","X._blog"
"175","X._eggdrp"
"176","X._monda"
"177","X._2018shift"
"178","X._16ascendants"
"179","X._rtrrt"
"180","X._surv"
"181","X._blackpanther"
"182","X._mosquemetoo"
"183","X._illuminati"
"184","X._visegrad"
"185","X._survivor"
"186","X._120db"
"187","X._eu"
"188","X._orban"
"189","X._prep"
"190","X._wakanda"
"191","X._gunreformnow"
"192","X._banassaultweapons"
"193","X._march4ourlives"
"194","X._lgbt"
"195","X._votethemout2018"
"196","X._parklandstudentsspeak"
"197","X._votethemout"
"198","X._studentsstandup"
"199","X._commonsensegunlaws"
"200","X._schoolsafety"
"201","X._impeachtrump"
"202","X._standingrock"
"203","X._msdstrong"
"204","X._womensmarch"
"205","X._tweetyournramembership"
"206","X._patriots"
"207","X._hoggwash"
"208","X._sjw"
"209","X._godblessamerica"
"210","X._comeandtakeit"
"211","X._2ndammendment"
"212","X._blackhistorymonth"
"213","X._lynchingsinamerica"
"214","X._bluewave2018"
"215","X._mindblown"
"216","X._militaryparade"
"217","X._sadistic"
"218","X._threatening"
"219","X._journalists"
"220","X._enough"
"221","X._theresistance"
"222","X._momsdemandaction"
"223","X._bloodmoney"
"224","X._swat"
"225","X._ar15stories"
"226","X._tyaranny"
"227","X._ocra"
"228","X._newday"
"229","X._sheriff"
"230","X._corrupt"
"231","X._deathpenalty"
"232","X._congress"
"233","X._aca"
"234","X._boycottgeorgia"
"235","X._gopisanorganizedcrimegang"
"236","X._banassaultweaponsnow"
"237","X._nrakillskids"
"238","X._boycottnrasponsors"
"239","X._liberallie"
"240","X._gunfreezone"
"241","X._truth"
"242","X._flag"
"243","X._country"
"244","X._anthem"
"245","X._istandwiththenra"
"246","X._shallnotbeinfringed"
"247","X._georgia"
"248","X._npr"
"249","X._nonramoney"
"250","X._trumpcolluded"
"251","X._rednationrising"
"252","X._deathwish"
"253","X._killers"
"254","X._lunatics"
"255","X._psychopathic"
"256","X._psychopaths"
"257","X._criminallyinsane"
"258","X._jail"
"259","X._insaneasylum"
"260","X._gunculture"
"261","X._lie"
"262","X._lasvegasshooting"
"263","X._globalist"
"264","X._unitednations"
"265","X._teacherswithguns"
"266","X._dallasmavericks"
"267","X._dalvsind"
"268","X._mavs"
"269","X._mentalinstitutions"
"270","X._roadblock"
"271","X._stopping"
"272","X._listeningsession"
"273","X._murderers"
"274","X._assaultweapon"
"275","X._altleft"
"276","X._oh14"
"277","X._ohleg"
"278","X._firearm"
"279","X._goa"
"280","X._magazinelimits"
"281","X._cliplimits"
"282","X._2nd"
"283","X._moreguns"
"284","X._poll"
"285","t_nra"
"286","t_fedex"
"287","t_potus"
"288","t_cnn"
"289","t_gop"
"290","t_putinrumpnra"
"291","t_nratv"
"292","t_foxnews"
"293","t_14yearold"
"294","t_foxandfriends"
"295","t_taxcut"
"296","t_soflagirafhttpstcoviij5w1ktx"
"297","t_guncontrol"
"298","t_fasttrack"
"299","t_httpstcoxh1qtcsnxo"
"300","t_etcgunsenseguncontrolguncontrolnevermolonlabenra2a"
"301","t_gunsguns"
"302","t_fellowmanguncontrol"
"303","t_sb33"
"304","t_properties"
"305","t_churches"
"306","t_ar15storiescontrol"
"307","t_worldkkkkkkkkkkkkgunguncontrolguncontrolnow"
"308","t_shootingstruth"
"309","t_anthemi"
"310","t_peopleflag"
"311","t_flashbackronald"
"312","t_billguncontrolhttpstcopyhuaevq3q"
"313","t_lunatics"
"314","t_criminallyinsane"
"315","t_insaneasylumnra"
"316","t_httpstcoc4uwglct0zguncontrol"
"317","t_yearsboth"
"318","t_workraw"
"319","t_with"
"320","t_selectfire"
"321","t_sponsorship.s."
"322","t_membershipnot"
"323","t_davidhogg11after"
"324","t_oh14betsyraderoh"
"325","t_nraboycottnra"
"326","t_nygovcuomoguncontrolmagazinelimitscliplimits"
"327","t_a"
"328","t_warning"
"329","t_from"
"330","t_in"
"331","t_your"
"332","t_we"
"333","t_them"
"334","t_their"
"335","t_on"
"336","t_lol"
"337","t_of"
"338","t_how"
"339","t_about"
"340","t_realdonaldtrump"
"341","t_this"
"342","t_student"
"343","t_is"
"344","t_2a"
"345","t_i"
"346","t_yourself"
"347","t_17"
"348","t_people"
"349","t_died"
"350","t_the"
"351","t_failures"
"352","t_law"
"353","t_to"
"354","t_do"
"355","t_jobs"
"356","t_its"
"357","t_that"
"358","t_and"
"359","t_must"
"360","t_which"
"361","t_have"
"362","t_not"
"363","t_interest"
"364","t_no"
"365","t_idea"
"366","t_xf0x9fx87xbaxf0x9fx87xb8"
"367","t_while"
"368","t_at"
"369","t_florida"
"370","t_happens"
"371","t_news"
"372","t_usa"
"373","t_are"
"374","t_you"
"375","t_or"
"376","t_going"
"377","t_maybe"
"378","t_but"
"379","t_better"
"380","t_ban"
"381","t_left"
"382","t_right"
"383","t_daca"
"384","t_one"
"385","t_few"
"386","t_tons"
"387","t_uploaded"
"388","t_episode"
"389","t_sheriff"
"390","t_scott"
"391","t_israel"
"392","t_hero"
"393","t_lighting"
"394","t_rod"
"395","t_2"
"396","t_spreaker"
"397","t_demoniacresistance"
"398","t_jeffsessions"
"399","t_marijuanalaws"
"400","t_sheriffscottisrael"
"401","t_httpstcoz74xzsx2az"
"402","t_be"
"403","t_dloesch"
"404","t_itsfiveo"
"405","t_1a"
"406","t_buildthewall"
"407","t_trump"
"408","t_maga"
"409","t_by"
"410","t_georgetakei"
"411","t_all"
"412","t_am"
"413","t_member"
"414","t_my"
"415","t_as"
"416","t_place"
"417","t_work"
"418","t_clinton"
"419","t_obama"
"420","t_it"
"421","t_only"
"422","t_guilt"
"423","t_capable"
"424","t_protectourkids"
"425","t_answer"
"426","t_gun"
"427","t_violence"
"428","t_talk"
"429","t_p"
"430","t_always"
"431","t_who"
"432","t_want"
"433","t_parkland"
"434","t_been"
"435","t_wasnt"
"436","t_guns"
"437","t_active"
"438","t_shooter"
"439","t_tcot"
"440","t_parklandshooting"
"441","t_davidhogg111"
"442","t_for"
"443","t_matter"
"444","t_never"
"445","t_stop"
"446","t_neveragain"
"447","t_marchforourlives"
"448","t_hold"
"449","t_responsible"
"450","t_was"
"451","t_abiding"
"452","t_members"
"453","t_what"
"454","t_more"
"455","t_grip"
"456","t_sale"
"457","t_defense"
"458","t_justice"
"459","t_why"
"460","t_children"
"461","t_supporting"
"462","t_his"
"463","t_able"
"464","t_break"
"465","t_get"
"466","t_joenbc"
"467","t_dems"
"468","t_seem"
"469","t_defend"
"470","t_can"
"471","t_make"
"472","t_money"
"473","t_kills"
"474","t_these"
"475","t_guys"
"476","t_safety"
"477","t_rights"
"478","t_organization"
"479","t_oscars"
"480","t_greatawakening"
"481","t_qanon"
"482","t_limit"
"483","t_via"
"484","t_delta"
"485","t_political"
"486","t_deltaairlines"
"487","t_control"
"488","t_anything"
"489","t_like"
"490","t_big"
"491","t_there"
"492","t_defendthesecond"
"493","t_if"
"494","t_massacre"
"495","t_conservatives"
"496","t_country"
"497","t_hey"
"498","t_amazon"
"499","t_today"
"500","t_think"
"501","t_wait"
"502","t_until"
"503","t_thursday"
"504","t_trumps"
"505","t_agenda"
"506","t_americafirst"
"507","t_2ndamendment"
"508","t_trump2020"
"509","t_nodaca"
"510","t_constitution"
"511","t_hollywood"
"512","t_private"
"513","t_disgusting"
"514","t_bought"
"515","t_sold"
"516","t_wethepeople"
"517","t_said"
"518","t_run"
"519","t_ohio"
"520","t_know"
"521","t_service"
"522","t_resist"
"523","t_floridaschoolshooting"
"524","t_has"
"525","t_liberals"
"526","t_failure"
"527","t_our"
"528","t_system"
"529","t_latest"
"530","t_sheriffisraelresign"
"531","t_guncontrolnow"
"532","t_gunsense"
"533","t_after"
"534","t_market"
"535","t_probably"
"536","t_most"
"537","t_effective"
"538","t_american"
"539","t_nwo"
"540","t_encouraging"
"541","t_top"
"542","t_10"
"543","t_signs"
"544","t_corrupt"
"545","t_nation"
"546","t_racism"
"547","t_russia"
"548","t_politics"
"549","t_boycottnra"
"550","t_uspolitics"
"551","t_dozens"
"552","t_multiple"
"553","t_out"
"554","t_threat"
"555","t_owners"
"556","t_fault"
"557","t_except"
"558","t_broward"
"559","t_county"
"560","t_govt"
"561","t_washingtonpost"
"562","t_stand"
"563","t_assault"
"564","t_weapons"
"565","t_well"
"566","t_handle"
"567","t_2nd"
"568","t_bear"
"569","t_arms"
"570","t_end"
"571","t_state"
"572","t_states"
"573","t_maddow"
"574","t_line"
"575","t_shooting"
"576","t_did"
"577","t_turn"
"578","t_killer"
"579","t_use"
"580","t_knife"
"581","t_gets"
"582","t_taken"
"583","t_kill"
"584","t_responsibility"
"585","t_others"
"586","t_view"
"587","t_ties"
"588","t_grants"
"589","t_tyranny"
"590","t_fail"
"591","t_video"
"592","t_democrats"
"593","t_way"
"594","t_horrible"
"595","t_lives"
"596","t_crimes"
"597","t_nraboycott"
"598","t_nrabloodmoney"
"599","t_would"
"600","t_let"
"601","t_ever"
"602","t_protect"
"603","t_sensanders"
"604","t_killing"
"605","t_other"
"606","t_something"
"607","t_liberal"
"608","t_terrorist"
"609","t_since"
"610","t_sheriffisrael"
"611","t_browardcowards"
"612","t_browardsheriff"
"613","t_q"
"614","t_join"
"615","t_win"
"616","t_unbelievable"
"617","t_please"
"618","t_ass"
"619","t_president"
"620","t_ways"
"621","t_mentalhealth"
"622","t_politicians"
"623","t_powerful"
"624","t_lobbying"
"625","t_manufacturers"
"626","t_therexe2x80x99s"
"627","t_exactly"
"628","t_4"
"629","t_through"
"630","t_day"
"631","t_using"
"632","t_stick"
"633","t_were"
"634","t_attacked"
"635","t_journalists"
"636","t_democrat"
"637","t_therefore"
"638","t_blame"
"639","t_review"
"640","t_crazy"
"641","t_message"
"642","t_kid"
"643","t_book"
"644","t_war"
"645","t_fuck"
"646","t_believe"
"647","t_gunreform"
"648","t_whole"
"649","t_god"
"650","t_fucks"
"651","t_parties"
"652","t_put"
"653","t_marcorubio"
"654","t_caseycagle"
"655","t_center"
"656","t_condemn"
"657","t_years"
"658","t_might"
"659","t_raising"
"660","t_isnt"
"661","t_guncontolnow"
"662","t_goal"
"663","t_party"
"664","t_yay"
"665","t_rightwing"
"666","t_twitter"
"667","t_presidenttrump"
"668","t_given"
"669","t_tax"
"670","t_youre"
"671","t_zero"
"672","t_same"
"673","t_thing"
"674","t_gunrights"
"675","t_refuses"
"676","t_tlot"
"677","t_pjnet"
"678","t_year"
"679","t_plannedparenthood"
"680","t_support"
"681","t_planned"
"682","t_parenthood"
"683","t_found"
"684","t_tweeting"
"685","t_upset"
"686","t_access"
"687","t_imagine"
"688","t_idiot"
"689","t_pathetic"
"690","t_lot"
"691","t_sure"
"692","t_happy"
"693","t_krassenstein"
"694","t_things"
"695","t_threatens"
"696","t_rick"
"697","t_saying"
"698","t_elected"
"699","t_attacks"
"700","t_blames"
"701","t_survivors"
"702","t_built"
"703","t_quite"
"704","t_bless"
"705","t_congress"
"706","t_attack"
"707","t_agree"
"708","t_disagree"
"709","t_act"
"710","t_killings"
"711","t_sheriffclarke"
"712","t_according"
"713","t_me"
"714","t_thoughts"
"715","t_airline"
"716","t_businesses"
"717","t_again"
"718","t_boycottfedex"
"719","t_fedexbloodmoney"
"720","t_house"
"721","t_first"
"722","t_guncontrolnever"
"723","t_im"
"724","t_msm"
"725","t_dark"
"726","t_evil"
"727","t_leftists"
"728","t_star"
"729","t_nras"
"730","t_kids"
"731","t_dead"
"732","t_decision"
"733","t_civil"
"734","t_schoolshootings"
"735","t_emma4change"
"736","t_ahead"
"737","t_losing"
"738","t_hes"
"739","t_topic"
"740","t_backlash"
"741","t_coming"
"742","t_getting"
"743","t_paid"
"744","t_mass"
"745","t_ar15s"
"746","t_havent"
"747","t_gunviolence"
"748","t_cameron_kasky"
"749","t_ready"
"750","t_sales"
"751","t_coward"
"752","t_see"
"753","t_amount"
"754","t_murdered"
"755","t_russian"
"756","t_speakerryan"
"757","t_leaving"
"758","t_duty"
"759","t_claim"
"760","t_issues"
"761","t_check"
"762","t_marxist"
"763","t_fraud"
"764","t_firearm"
"765","t_single"
"766","t_wonder"
"767","t_confused"
"768","t_second"
"769","t_typical"
"770","t_williamlegate"
"771","t_notice"
"772","t_list"
"773","t_dirty"
"774","t_behind"
"775","t_into"
"776","t_holds"
"777","t_accomplice"
"778","t_murder"
"779","t_child"
"780","t_tedcruz"
"781","t_ground"
"782","t_started"
"783","t_trolls"
"784","t_sorry"
"785","t_uses"
"786","t_fix"
"787","t_lie"
"788","t_esg"
"789","t_employers"
"790","t_georgia"
"791","t_arimelber"
"792","t_above"
"793","t_supportthenra"
"794","t_needs"
"795","t_explain"
"796","t_renewed"
"797","t_announced"
"798","t_business"
"799","t_snowflakes"
"800","t_nralifemember"
"801","t_2ndamendmentrights"
"802","t_wish"
"803","t_charge"
"804","t_fall"
"805","t_two"
"806","t_momsdemand"
"807","t_expectus"
"808","t_sponsor"
"809","t_standwithnra"
"810","t_2adefenders"
"811","t_liberallogic"
"812","t_awards"
"813","t_bullet"
"814","t_holes"
"815","t_disarmed"
"816","t_gopxe2x80x99s"
"817","t_airlines"
"818","t_legislators"
"819","t_push"
"820","t_include"
"821","t_protecting"
"822","t_mean"
"823","t_lawabiding"
"824","t_together"
"825","t_parklandschoolshooting"
"826","t_tell"
"827","t_barackobama"
"828","t_morningjoe"
"829","t_cops"
"830","t_successful"
"831","t_question"
"832","t_watched"
"833","t_ones"
"834","t_hypocrisy"
"835","t_keep"
"836","t_cash"
"837","t_molonlabe"
"838","t_prove"
"839","t_liberalismisamentaldisorder"
"840","t_listen"
"841","t_safer"
"842","t_classroom"
"843","t_canxe2x80x99t"
"844","t_bots"
"845","t_david"
"846","t_hogg"
"847","t_past"
"848","t_history"
"849","t_happen"
"850","t_united"
"851","t_rental"
"852","t_24"
"853","t_corporate"
"854","t_policies"
"855","t_2ashallnotbeinfringed"
"856","t_issue"
"857","t_joined"
"858","t_turned"
"859","t_breitbartnews"
"860","t_refusing"
"861","t_encourage"
"862","t_unconstitutional"
"863","t_campus"
"864","t_arming"
"865","t_teachers"
"866","t_flush"
"867","t_cesspool"
"868","t_hit"
"869","t_washington"
"870","t_senatemajldr"
"871","t_blithering"
"872","t_devinnunes"
"873","t_impeach"
"874","t_boycott"
"875","t_dbongino"
"876","t_nyc"
"877","t_jackposobiec"
"878","t_fake"
"879","t_tomilahren"
"880","t_gunlobby"
"881","t_tough"
"882","t_rt"
"883","t_draw"
"884","t_red"
"885","t_nobody"
"886","t_humanity"
"887","t_case"
"888","t_podcast"
"889","t_public"
"890","t_wholefoods"
"891","t_doesnxe2x80x99t"
"892","t_taxes"
"893","t_sharing"
"894","t_theyll"
"895","t_owns"
"896","t_possible"
"897","t_action"
"898","t_lost"
"899","t_animals"
"900","t_nrabloodonyourhands"
"901","t_enough"
"902","t_meat"
"903","t_causes"
"904","t_step"
"905","t_trumptrain"
"906","t_voted"
"907","t_rather"
"908","t_problem"
"909","t_bit"
"910","t_analysis"
"911","t_including"
"912","t_puppet"
"913","t_constitutional"
"914","t_sound"
"915","t_yahoonews"
"916","t_compare"
"917","t_gives"
"918","t_minds"
"919","t_account"
"920","t_plans"
"921","t_along"
"922","t_link"
"923","t_becomes"
"924","t_march1nraboycott"
"925","t_foxbusiness"
"926","t_create"
"927","t_phony"
"928","t_15"
"929","t_zones"
"930","t_vote"
"931","t_colbert"
"932","t_program"
"933","t_excellent"
"934","t_44"
"935","t_starts"
"936","t_preventing"
"937","t_sensible"
"938","t_cutting"
"939","t_tweets"
"940","t_defends"
"941","t_looking"
"942","t_working"
"943","t_dangerous"
"944","t_parklandstrong"
"945","t_falseflag"
"946","t_r"
"947","t_influence"
"948","t_parklandstudents"
"949","t_men"
"950","t_social"
"951","t_evilemilie"
"952","t_afraid"
"953","t_whatever"
"954","t_former"
"955","t_convention"
"956","t_tv"
"957","t_nraisaterroristorganization"
"958","t_word"
"959","t_20"
"960","t_allow"
"961","t_danaloesch"
"962","t_important"
"963","t_launchers"
"964","t_teacher"
"965","t_force"
"966","t_nrastrong"
"967","t_stepping"
"968","t_sick"
"969","t_murderers"
"970","t_nomore"
"971","t_newsweek"
"972","t_protests"
"973","t_lockdown"
"974","t_opposed"
"975","t_hands"
"976","t_oppose"
"977","t_guess"
"978","t_likely"
"979","t_home"
"980","t_concealed"
"981","t_criminals"
"982","t_failed"
"983","t_students"
"984","t_event"
"985","t_pressure"
"986","t_wing"
"987","t_refuse"
"988","t_reason"
"989","t_lobby"
"990","t_poor"
"991","t_became"
"992","t_spent"
"993","t_suggesting"
"994","t_actual"
"995","t_metoo"
"996","t_xe2x80x93"
"997","t_massshootings"
"998","t_membership"
"999","t_falling"
"1000","t_brilliant"
"1001","t_got"
"1002","t_drive"
"1003","t_die"
"1004","t_committed"
"1005","t_legally"
"1006","t_kkk"
"1007","t_boycottdelta"
"1008","t_asked"
"1009","t_mr"
"1010","t_cannot"
"1011","t_politician"
"1012","t_destroy"
"1013","t_rise"
"1014","t_scared"
"1015","t_cnnpolitics"
"1016","t_nowthisnews"
"1017","t_points"
"1018","t_career"
"1019","t_training"
"1020","t_constituents"
"1021","t_election"
"1022","t_rest"
"1023","t_veterans"
"1024","t_made"
"1025","t_billions"
"1026","t_wife"
"1027","t_calls"
"1028","t_lack"
"1029","t_gain"
"1030","t_size"
"1031","t_texas"
"1032","t_labor"
"1033","t_unions"
"1034","t_endorsed"
"1035","t_responds"
"1036","t_donaldtrump"
"1037","t_siege"
"1038","t_confront"
"1039","t_woman"
"1040","t_percent"
"1041","t_legal"
"1042","t_threaten"
"1043","t_boycottthenra"
"1044","t_crisis"
"1045","t_claudiatenney"
"1046","t_stopthenra"
"1047","t_prime"
"1048","t_minister"
"1049","t_schooling"
"1050","t_ends"
"1051","t_survivor"
"1052","t_fl"
"1053","t_resign"
"1054","t_strike"
"1055","t_thee"
"1056","t_furious"
"1057","t_attempt"
"1058","t_poison"
"1059","t_difference"
"1060","t_appletv"
"1061","t_freedom"
"1062","t_employee"
"1063","t_wake"
"1064","t_incredible"
"1065","t_memberships"
"1066","t_surge"
"1067","t_antinra"
"1068","t_bias"
"1069","t_iamthenra"
"1070","t_live"
"1071","t_periscope"
"1072","t_pph"
"1073","t_bnc"
"1074","t_jgf"
"1075","t_cbts"
"1076","t_closernation"
"1077","t_blog"
"1078","t_eggdrp"
"1079","t_mondaxe2x80xa6"
"1080","t_httpstcoqycwafvlgq"
"1081","t_ascendant"
"1082","t_essentially"
"1083","t_guardian"
"1084","t_angel"
"1085","t_16"
"1086","t_ascendants"
"1087","t_2018shift"
"1088","t_16ascendants"
"1089","t_rtrrt"
"1090","t_surv"
"1091","t_blackpanther"
"1092","t_mosquemetoo"
"1093","t_illuminati"
"1094","t_visegrad"
"1095","t_120db"
"1096","t_eu"
"1097","t_orban"
"1098","t_prep"
"1099","t_wakanda"
"1100","t_contracts"
"1101","t_matters"
"1102","t_gunreformnow"
"1103","t_banassaultweapons"
"1104","t_march4ourlives"
"1105","t_nbcnews"
"1106","t_resolutions"
"1107","t_thoughtsandprayers"
"1108","t_xf0x9fx94xa5no"
"1109","t_suffer"
"1110","t_addiction"
"1111","t_httpstcotrcq39zwwt"
"1112","t_parklandstudentsspeak"
"1113","t_neveragainmsd"
"1114","t_donlemon"
"1115","t_votethemout"
"1116","t_now"
"1117","t_httpstcoovhopd6kas"
"1118","t_changed"
"1119","t_studentsstandup"
"1120","t_httpstcolbo5tfbldr"
"1121","t_improve"
"1122","t_stalled"
"1123","t_senmikelee"
"1124","t_utah"
"1125","t_placed"
"1126","t_passage"
"1127","t_lee"
"1128","t_wthe"
"1129","t_luv"
"1130","t_presssec"
"1131","t_impeachtrump"
"1132","t_voices"
"1133","t_standingrock"
"1134","t_blacklivesmatter"
"1135","t_httpstcoyhlxa2yope"
"1136","t_reuters"
"1137","t_ixe2x80x99d"
"1138","t_2amendment"
"1139","t_could"
"1140","t_patriots"
"1141","t_couple"
"1142","t_selfdefense"
"1143","t_ad"
"1144","t_shooters"
"1145","t_oldaggie84"
"1146","t_robin1027p"
"1147","t_grenades"
"1148","t_tanks"
"1149","t_continued"
"1150","t_wouldnxe2x80x99t"
"1151","t_bullshit"
"1152","t_passed"
"1153","t_stricter"
"1154","t_equipped"
"1155","t_hillxe2x80x9d"
"1156","t_documentary"
"1157","t_frontlinepbs"
"1158","t_detailing"
"1159","t_sphere"
"1160","t_recently"
"1161","t_nearly"
"1162","t_domestically"
"1163","t_guard"
"1164","t_emmabedorhiland"
"1165","t_acts"
"1166","t_actiondirectdig"
"1167","t_mzunderstood2u"
"1168","t_mcarlisle78"
"1169","t_msktweetstruth"
"1170","t_consciousheir"
"1171","t_jettawillrise"
"1172","t_fullyawakeright"
"1173","t_tempusfugittx"
"1174","t_s_tamikah"
"1175","t_salmadey"
"1176","t_atlpartycrasher"
"1177","t_ghostofgarvey"
"1178","t_fresh_flames1"
"1179","t_mznatturner"
"1180","t_db83revolt"
"1181","t_kantolamin"
"1182","t_harryo1975"
"1183","t_angelaw676"
"1184","t_suede_santoro"
"1185","t_nublackvision"
"1186","t_asim_the_great"
"1187","t_conscioussoul77"
"1188","t_ktla"
"1189","t_gunsguncontrol"
"1190","t_blackhistorymonth"
"1191","t_lynchingsinamerica"
"1192","t_bothered"
"1193","t_gunban"
"1194","t_httpstcobks1cekxod"
"1195","t_mosque"
"1196","t_linked"
"1197","t_trophy"
"1198","t_base"
"1199","t_commander"
"1200","t_missing"
"1201","t_militaryparade"
"1202","t_sadistic"
"1203","t_threatening"
"1204","t_running"
"1205","t_commonsensegunlaws"
"1206","t_httpstcoavdyxww9n8"
"1207","t_hood"
"1208","t_bloodmoney"
"1209","t_propaganda"
"1210","t_tyaranny"
"1211","t_ouch"
"1212","t_santorum"
"1213","t_hits"
"1214","t_nerve"
"1215","t_fatherlesssness"
"1216","t_httpstcoafftzd1hqm"
"1217","t_ocra"
"1218","t_newday"
"1219","t_libs"
"1220","t_benefits"
"1221","t_protected"
"1222","t_officer"
"1223","t_youtubecensorship"
"1224","t_xe2x9axa0xefxb8x8f"
"1225","t_xf0x9fx86x98"
"1226","t_worst"
"1227","t_realsaavedra"
"1228","t_ammo"
"1229","t_self"
"1230","t_insanity"
"1231","t_non"
"1232","t_searches"
"1233","t_wont"
"1234","t_google"
"1235","t_fully"
"1236","t_insane"
"1237","t_10000"
"1238","t_murdering"
"1239","t_deserve"
"1240","t_rate"
"1241","t_barackobamas"
"1242","t_httpstcozkcxgp6koxxe2x80xa6"
"1243","t_accurate"
"1244","t_informed"
"1245","t_profits"
"1246","t_dying"
"1247","t_crossfire"
"1248","t_georgiaxe2x80x99s"
"1249","t_grand"
"1250","t_eliminate"
"1251","t_jet"
"1252","t_save"
"1253","t_banassaultweaponsnow"
"1254","t_httpstco5sw8v3927y"
"1255","t_nrakillskids"
"1256","t_herexe2x80x99s"
"1257","t_httpstcoftdrrhbva8"
"1258","t_late"
"1259","t_america"
"1260","t_once"
"1261","t_whom"
"1262","t_knew"
"1263","t_funny"
"1264","t_liberallie"
"1265","t_area"
"1266","t_fort"
"1267","t_major"
"1268","t_hassan"
"1269","t_gunfreezone"
"1270","t_99"
"1271","t_httpstcokkzmhoyymp"
"1272","t_istandwiththenra"
"1273","t_httpstcohdqveevyjn"
"1274","t_funding"
"1275","t_sitting"
"1276","t_progressive"
"1277","t_closet"
"1278","t_putting"
"1279","t_plan"
"1280","t_father"
"1281","t_culture"
"1282","t_steverogersass"
"1283","t_bossportsaddict"
"1284","t_betoorourke"
"1285","t_reagan"
"1286","t_brady"
"1287","t_theresistance"
"1288","t_find"
"1289","t_victory"
"1290","t_httpstcou39kus0knw"
"1291","t_ps"
"1292","t_oregon"
"1293","t_thinks"
"1294","t_embarrassing"
"1295","t_wakeupamerica"
"1296","t_nramembership"
"1297","t_walking"
"1298","t_class"
"1299","t_playing"
"1300","t_joke"
"1301","t_cpgoodell"
"1302","t_killers"
"1303","t_deranged"
"1304","t_psychopathic"
"1305","t_psychopaths"
"1306","t_jail"
"1307","t_gunculture"
"1308","t_busy"
"1309","t_returned"
"1310","t_worked"
"1311","t_richardburr_dn"
"1312","t_senthomtillis"
"1313","t_joniernst"
"1314","t_incendiary"
"1315","t_1960s"
"1316","t_ups"
"1317","t_hiring"
"1318","t_httpstcojz1cdhasrp"
"1319","t_mack"
"1320","t_globalist"
"1321","t_unitednations"
"1322","t_morality"
"1323","t_httpstco1lobmemabw"
"1324","t_catholicthing"
"1325","t_conversations"
"1326","t_gunnuts"
"1327","t_frightening"
"1328","t_drawn"
"1329","t_intrusion"
"1330","t_abused"
"1331","t_diagnosis"
"1332","t_doctors"
"1333","t_trusted"
"1334","t_changes"
"1335","t_joining"
"1336","t_ppfa"
"1337","t_narcissistic"
"1338","t_jtreece406"
"1339","t_teacherswithguns"
"1340","t_proven"
"1341","t_emotions"
"1342","t_dallas"
"1343","t_mavericks"
"1344","t_pc"
"1345","t_dallasmavericks"
"1346","t_dalvsind"
"1347","t_mavs"
"1348","t_httpstcoslfyprjnet"
"1349","t_dollars"
"1350","t_huh"
"1351","t_hillary"
"1352","t_waynedupreeshow"
"1353","t_beginning"
"1354","t_incident"
"1355","t_cites"
"1356","t_mentalinstitutions"
"1357","t_roadblock"
"1358","t_stopping"
"1359","t_httpstcotovwlk36u1"
"1360","t_listeningsession"
"1361","t_york"
"1362","t_hotelplanner"
"1363","t_las"
"1364","t_desperate"
"1365","t_waiting"
"1366","t_nicholas"
"1367","t_xf0x9fx90x87"
"1368","t_httpstcoarahahe2pe"
"1369","t_sad"
"1370","t_attn"
"1371","t_idiots"
"1372","t_reference"
"1373","t_fullyautomatic"
"1374","t_burst"
"1375","t_modes"
"1376","t_assaultweapon"
"1377","t_httpstcow88bmm8t7t"
"1378","t_pledge"
"1379","t_senatedems"
"1380","t_stronger"
"1381","t_exist"
"1382","t_pos"
"1383","t_communist"
"1384","t_theyve"
"1385","t_gaining"
"1386","t_downside"
"1387","t_thanking"
"1388","t_hot"
"1389","t_stonemandouglas"
"1390","t_cnbc"
"1391","t_pistols"
"1392","t_christ"
"1393","t_hour"
"1394","t_breath"
"1395","t_spokeswoman"
"1396","t_goa"
"1397","t_rants"
"1398","t_httpstcoloz36u30re"
"1399","t_clip"
"1400","t_httpstcoshgcgzkb4o"
"1401","t_sibling"
"1402","t_moreguns"
"1403","t_facebook"
"1404","t_handgun"
"1405","u_715"
"1406","u_3"
"1407","u_4"
"1408","u_6"
"1409","u_1996"
"1410","u_2017"
"1411","u_2020"
"1412","u_1a"
"1413","u_2a"
"1414","u_actor"
"1415","u_alwaystrump"
"1416","u_amdg"
"1417","u_americafirst"
"1418","u_americanism"
"1419","u_ammo"
"1420","u_andrewbreitbart"
"1421","u_anonfamily"
"1422","u_appsec"
"1423","u_art"
"1424","u_artist"
"1425","u_bansharia"
"1426","u_bengals"
"1427","u_bipolar"
"1428","u_blm"
"1429","u_blockchain"
"1430","u_bluelivesmatter"
"1431","u_bluewave"
"1432","u_bnc"
"1433","u_bpd"
"1434","u_browns"
"1435","u_buildthewall"
"1436","u_byebob"
"1437","u_catholic"
"1438","u_ccdl"
"1439","u_ccot"
"1440","u_china"
"1441","u_christian"
"1442","u_cleantech"
"1443","u_closernation"
"1444","u_codeofvets"
"1445","u_colorado"
"1446","u_compassion"
"1447","u_conservative"
"1448","u_constitution"
"1449","u_coping"
"1450","u_covfefe"
"1451","u_cruz2016"
"1452","u_cyberculture"
"1453","u_defundpp"
"1454","u_democracy"
"1455","u_deplorable"
"1456","u_draintheswamp"
"1457","u_dumptrump"
"1458","u_electriccars"
"1459","u_endthecabal"
"1460","u_endthefed"
"1461","u_endtimes"
"1462","u_epluribusunum"
"1463","u_fakenews"
"1464","u_family"
"1465","u_fbr"
"1466","u_finance"
"1467","u_fintech"
"1468","u_fisagate"
"1469","u_flyeaglesfly"
"1470","u_freedom"
"1471","u_genflynn"
"1472","u_god"
"1473","u_greenguru"
"1474","u_guncontrolnow"
"1475","u_gunrights"
"1476","u_guns"
"1477","u_heritageaction"
"1478","u_heritagesentinel"
"1479","u_historian"
"1480","u_hoping"
"1481","u_hyperloop"
"1482","u_independent"
"1483","u_infj"
"1484","u_infringe"
"1485","u_injustice"
"1486","u_israel"
"1487","u_knives"
"1488","u_lasers"
"1489","u_lbgt"
"1490","u_lgbt"
"1491","u_lgbtq"
"1492","u_lgbtqally"
"1493","u_libertarian"
"1494","u_liberty"
"1495","u_lockherup"
"1496","u_lockthemallup"
"1497","u_lovetrumpshate"
"1498","u_maga"
"1499","u_magadrainthesw"
"1500","u_makeamericagreatagain"
"1501","u_mamaboy"
"1502","u_marketing"
"1503","u_metoo"
"1504","u_military"
"1505","u_mlb"
"1506","u_molonlabe"
"1507","u_momof2"
"1508","u_moneyoutofpolitics"
"1509","u_multiplesclerosis"
"1510","u_neveragain"
"1511","u_nomorewars"
"1512","u_notarussianbot"
"1513","u_notmypresident"
"1514","u_notpc"
"1515","u_nra"
"1516","u_nralife"
"1517","u_nwo"
"1518","u_orbofwonder"
"1519","u_orion"
"1520","u_patriot"
"1521","u_patriots"
"1522","u_peaceonearth"
"1523","u_pedogate"
"1524","u_pjnet"
"1525","u_politics"
"1526","u_potus"
"1527","u_pph"
"1528","u_productengineering"
"1529","u_progressive"
"1530","u_prolife"
"1531","u_qanon"
"1532","u_racism"
"1533","u_reds"
"1534","u_research"
"1535","u_resist"
"1536","u_resistance"
"1537","u_rev13"
"1538","u_rights"
"1539","u_saveourchildren"
"1540","u_savethechildren"
"1541","u_sethrich"
"1542","u_shadowbanned"
"1543","u_silentmajority"
"1544","u_sneakerhead"
"1545","u_solar"
"1546","u_spoonie"
"1547","u_stillwithher"
"1548","u_stopisis"
"1549","u_stxavier"
"1550","u_supportourtroops"
"1551","u_takeaknee"
"1552","u_tcot"
"1553","u_teaparty"
"1554","u_tech"
"1555","u_teslaupgrades"
"1556","u_thecoup"
"1557","u_theresistance"
"1558","u_trump"
"1559","u_trump2016"
"1560","u_trump2020"
"1561","u_trumparmy"
"1562","u_trumpbase"
"1563","u_trumprussia"
"1564","u_trumptrain"
"1565","u_type1diabetes"
"1566","u_tytlive"
"1567","u_uniteblue"
"1568","u_unitedblue"
"1569","u_uniteresistreclaim"
"1570","u_usa"
"1571","u_vet"
"1572","u_waton"
"1573","u_but"
"1574","u_i"
"1575","u_in"
"1576","u_info"
"1577","u_john"
"1578","u_elections"
"1579","u_2"
"1580","u_analysisnytimes"
"1581","u_dineshdsouza"
"1582","u_docthompsonshow"
"1583","u_ettalkshow"
"1584","u_foxnews"
"1585","u_periscopetv"
"1586","u_ragtagpatriotscom"
"1587","u_realdonaldtrump"
"1588","u_scaramucci"
"1589","u_sentedcruz"
"1590","u_ste_van_horne"
"1591","u_thomaswictor"
"1592","u_10"
"1593","u_12noon"
"1594","u_18"
"1595","u_1st"
"1596","u_2nd"
"1597","u_45th"
"1598","u_60s"
"1599","u_a"
"1600","u_ability"
"1601","u_about"
"1602","u_accepted"
"1603","u_accessories"
"1604","u_action"
"1605","u_actress"
"1606","u_add"
"1607","u_addict"
"1608","u_advertising"
"1609","u_advocate"
"1610","u_africa"
"1611","u_agenda"
"1612","u_agent"
"1613","u_agent_x01"
"1614","u_aim"
"1615","u_air"
"1616","u_alert"
"1617","u_alien"
"1618","u_all"
"1619","u_also"
"1620","u_alum"
"1621","u_alumni"
"1622","u_always"
"1623","u_amateur"
"1624","u_amazing"
"1625","u_amazon"
"1626","u_amendment"
"1627","u_america"
"1628","u_american"
"1629","u_americans"
"1630","u_anchor"
"1631","u_and"
"1632","u_andor"
"1633","u_animevideogamespolitics"
"1634","u_antifa"
"1635","u_antihomophobic"
"1636","u_antinra"
"1637","u_antiracist"
"1638","u_antisemetic"
"1639","u_antitrump"
"1640","u_are"
"1641","u_arkansas"
"1642","u_arm"
"1643","u_as"
"1644","u_ask"
"1645","u_at"
"1646","u_atheist"
"1647","u_atlanta"
"1648","u_attorney"
"1649","u_austin"
"1650","u_australia"
"1651","u_australian"
"1652","u_author"
"1653","u_awareness"
"1654","u_back"
"1655","u_banned"
"1656","u_based"
"1657","u_been"
"1658","u_beggar"
"1659","u_beggars"
"1660","u_behavior"
"1661","u_behind"
"1662","u_believe"
"1663","u_believer"
"1664","u_benis"
"1665","u_betacivnash"
"1666","u_bible"
"1667","u_big"
"1668","u_biggest"
"1669","u_bigots"
"1670","u_biker"
"1671","u_bleeding"
"1672","u_bless"
"1673","u_block"
"1674","u_blue"
"1675","u_books"
"1676","u_born"
"1677","u_boston"
"1678","u_bot"
"1679","u_both"
"1680","u_bradys"
"1681","u_brasileira"
"1682","u_bride"
"1683","u_broker"
"1684","u_brooklyn"
"1685","u_build"
"1686","u_bukkake"
"1687","u_buy"
"1688","u_ca"
"1689","u_cabal"
"1690","u_calls"
"1691","u_cancer"
"1692","u_candidate"
"1693","u_cant"
"1694","u_capital"
"1695","u_care"
"1696","u_career"
"1697","u_carey"
"1698","u_carry"
"1699","u_cars"
"1700","u_center"
"1701","u_cents"
"1702","u_chairman"
"1703","u_change"
"1704","u_charismatic"
"1705","u_charmander"
"1706","u_check"
"1707","u_children"
"1708","u_choosing"
"1709","u_citizen"
"1710","u_citizens"
"1711","u_civilization"
"1712","u_clients"
"1713","u_climate"
"1714","u_coach"
"1715","u_coaching"
"1716","u_coalition"
"1717","u_coast"
"1718","u_codirector"
"1719","u_cofounder"
"1720","u_cohost"
"1721","u_coin"
"1722","u_collar"
"1723","u_comic"
"1724","u_commentator"
"1725","u_committed"
"1726","u_communism"
"1727","u_community"
"1728","u_concerned"
"1729","u_conscience"
"1730","u_conscious"
"1731","u_consciousness"
"1732","u_conservativegun"
"1733","u_constitutional"
"1734","u_constitutionalist"
"1735","u_constructionist"
"1736","u_consulting"
"1737","u_correctness"
"1738","u_corruption"
"1739","u_country"
"1740","u_courage"
"1741","u_course"
"1742","u_creative"
"1743","u_creature"
"1744","u_cruelty"
"1745","u_cubana"
"1746","u_culture"
"1747","u_curious"
"1748","u_current"
"1749","u_dallas"
"1750","u_dark"
"1751","u_darkness"
"1752","u_de"
"1753","u_deals"
"1754","u_debate"
"1755","u_debnam"
"1756","u_decent"
"1757","u_deep"
"1758","u_degenerates"
"1759","u_democrat"
"1760","u_democratic"
"1761","u_demoniac"
"1762","u_design"
"1763","u_designer"
"1764","u_designs"
"1765","u_destined"
"1766","u_develops"
"1767","u_die"
"1768","u_disability"
"1769","u_discover"
"1770","u_disney"
"1771","u_distort"
"1772","u_dj"
"1773","u_do"
"1774","u_doesnt"
"1775","u_dog"
"1776","u_dogs"
"1777","u_donald"
"1778","u_done"
"1779","u_dont"
"1780","u_double"
"1781","u_dr"
"1782","u_dream"
"1783","u_driver"
"1784","u_each"
"1785","u_eagle"
"1786","u_eccentric"
"1787","u_editor"
"1788","u_education"
"1789","u_eeuuyes"
"1790","u_elected"
"1791","u_eliza"
"1792","u_else"
"1793","u_embrace"
"1794","u_empire"
"1795","u_end"
"1796","u_endorsement"
"1797","u_enduring"
"1798","u_engineer"
"1799","u_england"
"1800","u_entertainer"
"1801","u_entitled"
"1802","u_entrepreneur"
"1803","u_equality"
"1804","u_equitable"
"1805","u_est"
"1806","u_estate"
"1807","u_etc"
"1808","u_event"
"1809","u_every"
"1810","u_everyday"
"1811","u_everyone"
"1812","u_everything"
"1813","u_everywhere"
"1814","u_examining"
"1815","u_excellence"
"1816","u_executive"
"1817","u_experience"
"1818","u_fair"
"1819","u_fairness"
"1820","u_fanseason"
"1821","u_far"
"1822","u_father"
"1823","u_fb"
"1824","u_fearing"
"1825","u_feel"
"1826","u_fellow"
"1827","u_feminism"
"1828","u_feminist"
"1829","u_fi"
"1830","u_figure"
"1831","u_firearms"
"1832","u_first"
"1833","u_flight"
"1834","u_fluffy"
"1835","u_fmr"
"1836","u_focus"
"1837","u_folks"
"1838","u_follow"
"1839","u_followed"
"1840","u_following"
"1841","u_food"
"1842","u_foodie"
"1843","u_for"
"1844","u_force"
"1845","u_formerly"
"1846","u_forms"
"1847","u_forward"
"1848","u_foundation"
"1849","u_france"
"1850","u_free"
"1851","u_freedoms"
"1852","u_freelance"
"1853","u_from"
"1854","u_gay"
"1855","u_generations"
"1856","u_gift"
"1857","u_given"
"1858","u_glass"
"1859","u_go"
"1860","u_going"
"1861","u_gold"
"1862","u_gov"
"1863","u_government"
"1864","u_grad"
"1865","u_graduate"
"1866","u_grand"
"1867","u_granddaughtersfuture"
"1868","u_grassroots"
"1869","u_great"
"1870","u_group"
"1871","u_growing"
"1872","u_guides"
"1873","u_gun"
"1874","u_guy"
"1875","u_half"
"1876","u_halli"
"1877","u_handcrafted"
"1878","u_happy"
"1879","u_hautelantapr"
"1880","u_have"
"1881","u_health"
"1882","u_heart"
"1883","u_helping"
"1884","u_helpless"
"1885","u_here"
"1886","u_hiphop"
"1887","u_hippie"
"1888","u_hold"
"1889","u_holder"
"1890","u_holster"
"1891","u_hoosiers"
"1892","u_hope"
"1893","u_hosts"
"1894","u_how"
"1895","u_hs"
"1896","u_httpstco3qjrsne4ud"
"1897","u_httpstco6kcujhu6np"
"1898","u_httpstcoey9fhnf0fi"
"1899","u_httpstcolyjly3cn6h"
"1900","u_httpstcopwulzdjami"
"1901","u_httpstcovbb42wwlfw"
"1902","u_httpstcoxdhym8qhaa"
"1903","u_httpstcozsybzvwcyd"
"1904","u_huge"
"1905","u_human"
"1906","u_humanist"
"1907","u_humanity"
"1908","u_id"
"1909","u_ill"
"1910","u_im"
"1911","u_inc"
"1912","u_indiana"
"1913","u_indie"
"1914","u_inhabitants"
"1915","u_inspirational"
"1916","u_instagram"
"1917","u_interests"
"1918","u_intp"
"1919","u_inventor"
"1920","u_iraq"
"1921","u_is"
"1922","u_islamic"
"1923","u_it"
"1924","u_items"
"1925","u_j"
"1926","u_jackass"
"1927","u_james"
"1928","u_jewish"
"1929","u_jgf"
"1930","u_joe"
"1931","u_john316"
"1932","u_join"
"1933","u_jokers"
"1934","u_jokes"
"1935","u_joshua"
"1936","u_journalism"
"1937","u_jr"
"1938","u_justice"
"1939","u_keeper"
"1940","u_killeen"
"1941","u_kinda"
"1942","u_king"
"1943","u_kitties"
"1944","u_knowitall"
"1945","u_knowledge"
"1946","u_known"
"1947","u_l"
"1948","u_labe"
"1949","u_later"
"1950","u_law"
"1951","u_laws"
"1952","u_lawyer"
"1953","u_leaders"
"1954","u_learn"
"1955","u_learning"
"1956","u_leo"
"1957","u_lesbian"
"1958","u_lets"
"1959","u_letters"
"1960","u_liberalminussjwcancer"
"1961","u_liberals"
"1962","u_liberate"
"1963","u_libtards"
"1964","u_lies"
"1965","u_life"
"1966","u_likes"
"1967","u_links"
"1968","u_lion"
"1969","u_list"
"1970","u_listen"
"1971","u_lists"
"1972","u_live"
"1973","u_lives"
"1974","u_living"
"1975","u_long"
"1976","u_louisiana"
"1977","u_love"
"1978","u_lover"
"1979","u_loving"
"1980","u_lucky"
"1981","u_luke"
"1982","u_luv"
"1983","u_lying"
"1984","u_ma"
"1985","u_made"
"1986","u_mainstream"
"1987","u_make"
"1988","u_making"
"1989","u_marine"
"1990","u_market"
"1991","u_married"
"1992","u_martin"
"1993","u_masses"
"1994","u_master"
"1995","u_matelamotgagot"
"1996","u_matter"
"1997","u_matters"
"1998","u_matthew"
"1999","u_mavericks"
"2000","u_mayor"
"2001","u_mba"
"2002","u_mbr"
"2003","u_me"
"2004","u_mean"
"2005","u_media"
"2006","u_meet"
"2007","u_member"
"2008","u_memories"
"2009","u_mentally"
"2010","u_message"
"2011","u_mgr"
"2012","u_million"
"2013","u_mission"
"2014","u_moderate"
"2015","u_molon"
"2016","u_mommy"
"2017","u_money"
"2018","u_monfri"
"2019","u_more"
"2020","u_most"
"2021","u_motivational"
"2022","u_mouths"
"2023","u_movement"
"2024","u_mwf"
"2025","u_my"
"2026","u_nacimiento"
"2027","u_name"
"2028","u_names"
"2029","u_national"
"2030","u_naturalizatione"
"2031","u_navy"
"2032","u_near"
"2033","u_need"
"2034","u_needs"
"2035","u_new"
"2036","u_news"
"2037","u_next"
"2038","u_no"
"2039","u_non"
"2040","u_none"
"2041","u_normal"
"2042","u_norms"
"2043","u_not"
"2044","u_now"
"2045","u_occasional"
"2046","u_ocd"
"2047","u_of"
"2048","u_off"
"2049","u_often"
"2050","u_old"
"2051","u_on"
"2052","u_one"
"2053","u_open"
"2054","u_opinions"
"2055","u_opportunity"
"2056","u_oppressed"
"2057","u_or"
"2058","u_order"
"2059","u_organizer"
"2060","u_other"
"2061","u_our"
"2062","u_outcomes"
"2063","u_outdoor"
"2064","u_outdoors"
"2065","u_outdoorsman"
"2066","u_own"
"2067","u_page"
"2068","u_parody"
"2069","u_participants"
"2070","u_party"
"2071","u_partys"
"2072","u_passed"
"2073","u_passionate"
"2074","u_past"
"2075","u_patriotic"
"2076","u_pay"
"2077","u_peace"
"2078","u_pences"
"2079","u_pennsylvania"
"2080","u_people"
"2081","u_personal"
"2082","u_perspective"
"2083","u_picture"
"2084","u_pirates"
"2085","u_pissedoff"
"2086","u_pissing"
"2087","u_pity"
"2088","u_place"
"2089","u_planet"
"2090","u_please"
"2091","u_plutocrats"
"2092","u_pm"
"2093","u_podcast"
"2094","u_podcasting"
"2095","u_poetry"
"2096","u_politically"
"2097","u_posts"
"2098","u_potus45"
"2099","u_pr"
"2100","u_pres"
"2101","u_president"
"2102","u_principal"
"2103","u_problem"
"2104","u_proisrael"
"2105","u_promise"
"2106","u_promoting"
"2107","u_pronounmrpresident"
"2108","u_protection"
"2109","u_proud"
"2110","u_proudly"
"2111","u_psi"
"2112","u_publisher"
"2113","u_pundit"
"2114","u_purpose"
"2115","u_put"
"2116","u_questions"
"2117","u_radio"
"2118","u_raised"
"2119","u_random"
"2120","u_rat"
"2121","u_reader"
"2122","u_readersupported"
"2123","u_rebel"
"2124","u_record"
"2125","u_red"
"2126","u_redefined"
"2127","u_reduce"
"2128","u_relations"
"2129","u_relying"
"2130","u_renaissance"
"2131","u_reporting"
"2132","u_republic"
"2133","u_republican"
"2134","u_rescuer"
"2135","u_researcher"
"2136","u_resident"
"2137","u_resistances"
"2138","u_respecter"
"2139","u_ret"
"2140","u_retweets"
"2141","u_ride"
"2142","u_right"
"2143","u_ring"
"2144","u_rip"
"2145","u_rph"
"2146","u_rt"
"2147","u_rubronegrocarioca"
"2148","u_runner"
"2149","u_russia"
"2150","u_russian"
"2151","u_safety"
"2152","u_sailor"
"2153","u_sales"
"2154","u_satire"
"2155","u_say"
"2156","u_school"
"2157","u_scientist"
"2158","u_seek"
"2159","u_seeker"
"2160","u_semper"
"2161","u_senior"
"2162","u_share"
"2163","u_ship"
"2164","u_shit"
"2165","u_shock"
"2166","u_shop"
"2167","u_short"
"2168","u_shot"
"2169","u_sic"
"2170","u_side"
"2171","u_simple"
"2172","u_since"
"2173","u_singer"
"2174","u_sister"
"2175","u_sjw"
"2176","u_skills"
"2177","u_slammaster"
"2178","u_smart"
"2179","u_smile"
"2180","u_snarky"
"2181","u_so"
"2182","u_social"
"2183","u_socialism"
"2184","u_socialist"
"2185","u_sociologist"
"2186","u_solely"
"2187","u_solution"
"2188","u_solutions"
"2189","u_some"
"2190","u_somewhere"
"2191","u_sorry"
"2192","u_soul"
"2193","u_source"
"2194","u_sovereign"
"2195","u_sovereignty"
"2196","u_sox"
"2197","u_speaker"
"2198","u_speech"
"2199","u_spiritual"
"2200","u_spoken"
"2201","u_spurdokin"
"2202","u_staffed"
"2203","u_stand"
"2204","u_state"
"2205","u_still"
"2206","u_stop"
"2207","u_strategy"
"2208","u_streamer"
"2209","u_strict"
"2210","u_strong"
"2211","u_stupidity"
"2212","u_support"
"2213","u_supporter"
"2214","u_supporters"
"2215","u_supportneededdocterrcom"
"2216","u_survivalist"
"2217","u_survivor"
"2218","u_sustainability"
"2219","u_sustainable"
"2220","u_systems"
"2221","u_tail"
"2222","u_take"
"2223","u_taking"
"2224","u_tea"
"2225","u_teacher"
"2226","u_team"
"2227","u_tears"
"2228","u_teller"
"2229","u_terrorist"
"2230","u_texan"
"2231","u_that"
"2232","u_thats"
"2233","u_the"
"2234","u_their"
"2235","u_theocracy"
"2236","u_there"
"2237","u_they"
"2238","u_things"
"2239","u_thoughtfully"
"2240","u_throw"
"2241","u_ticket"
"2242","u_to"
"2243","u_today"
"2244","u_together"
"2245","u_torchbearer"
"2246","u_traditional"
"2247","u_traditions"
"2248","u_trailblazer"
"2249","u_trolls"
"2250","u_truck"
"2251","u_trumpland"
"2252","u_trumpsters"
"2253","u_trust"
"2254","u_tv"
"2255","u_tweet"
"2256","u_tweets"
"2257","u_twitmo"
"2258","u_twitter"
"2259","u_typos"
"2260","u_understand"
"2261","u_undoing"
"2262","u_unfit"
"2263","u_uninformed"
"2264","u_university"
"2265","u_unqualified"
"2266","u_until"
"2267","u_up"
"2268","u_upon"
"2269","u_usually"
"2270","u_utube"
"2271","u_values"
"2272","u_very"
"2273","u_veteran"
"2274","u_vets"
"2275","u_via"
"2276","u_views"
"2277","u_visits"
"2278","u_voice"
"2279","u_voiceschristian"
"2280","u_vote"
"2281","u_voted"
"2282","u_wtwist"
"2283","u_walking"
"2284","u_walks"
"2285","u_want"
"2286","u_wants"
"2287","u_warriors"
"2288","u_was"
"2289","u_washington"
"2290","u_watch"
"2291","u_watts"
"2292","u_way"
"2293","u_we"
"2294","u_what"
"2295","u_whatever"
"2296","u_when"
"2297","u_which"
"2298","u_while"
"2299","u_who"
"2300","u_wholesale"
"2301","u_why"
"2302","u_will"
"2303","u_winning"
"2304","u_wirn"
"2305","u_with"
"2306","u_women"
"2307","u_wonderful"
"2308","u_words"
"2309","u_worked"
"2310","u_working"
"2311","u_world"
"2312","u_worlds"
"2313","u_worldwide"
"2314","u_wrapped"
"2315","u_writer"
"2316","u_wwe"
"2317","u_yankees"
"2318","u_yeah"
"2319","u_year"
"2320","u_yet"
"2321","u_you"
"2322","u_your"
"2323","u_yours"
